Pos	GenName	GenType	CodonNumber	RefNuc	AltNuc	RefCodon	AltCodon	NucInCodon	RefAa	AltAa
241	5UTR	untranslated		C	T			None		
2832	ORF1ab	translated	856.0	A	G	AAG	AGG	2	Lys	Arg
3037	ORF1ab	translated	924.0	C	T	TTC	TTT	3	Phe	Phe
5386	ORF1ab	translated	1707.0	T	G	GCT	GCG	3	Ala	Ala
5730	ORF1ab	translated	1822.0	C	T	ACT	ATT	2	Thr	Ile
8393	ORF1ab	translated	2710.0	G	A	GCT	ACT	1	Ala	Thr
10029	ORF1ab	translated	3255.0	C	T	ACC	ATC	2	Thr	Ile
10449	ORF1ab	translated	3395.0	C	A	CCC	CAC	2	Pro	His
11537	ORF1ab	translated	3758.0	A	G	ATT	GTT	1	Ile	Val
13195	ORF1ab	translated	4310.0	T	C	GTT	GTC	3	Val	Val
14408	ORF1ab	translated	4716.0	C	T	CCT	CTT	2	Pro	Leu
15240	ORF1ab	translated	4993.0	C	T	AAC	AAT	3	Asn	Asn
18163	ORF1ab	translated	5968.0	A	G	ATA	GTA	1	Ile	Val
21762	S	translated	7165.0	C	T	GCT	GTT	2	Ala	Val
21846	S	translated	7193.0	C	T	ACT	ATT	2	Thr	Ile
22578	S	translated	7437.0	G	A	GGT	GAT	2	Gly	Asp
22673	S	translated	7469.0	T	C	TCC	CCC	1	Ser	Pro
22674	S	translated	7469.0	C	T	TCC	TTC	2	Ser	Phe
22679	S	translated	7471.0	T	C	TCA	CCA	1	Ser	Pro
22686	S	translated	7473.0	C	T	TCC	TTC	2	Ser	Phe
22813	S	translated	7515.0	G	T	AAG	AAT	3	Lys	Asn
22882	S	translated	7538.0	T	G	AAT	AAG	3	Asn	Lys
22898	S	translated	7544.0	G	A	GGT	AGT	1	Gly	Ser
22992	S	translated	7575.0	G	A	AGC	AAC	2	Ser	Asn
22995	S	translated	7576.0	C	A	ACA	AAA	2	Thr	Lys
23013	S	translated	7582.0	A	C	GAA	GCA	2	Glu	Ala
23040	S	translated	7591.0	A	G	CAA	CGA	2	Gln	Arg
23048	S	translated	7594.0	G	A	GGT	AGT	1	Gly	Ser
23055	S	translated	7596.0	A	G	CAA	CGA	2	Gln	Arg
23063	S	translated	7599.0	A	T	AAT	TAT	1	Asn	Tyr
23075	S	translated	7603.0	T	C	TAC	CAC	1	Tyr	His
23202	S	translated	7645.0	C	A	ACA	AAA	2	Thr	Lys
23403	S	translated	7712.0	A	G	GAT	GGT	2	Asp	Gly
23525	S	translated	7753.0	C	T	CAT	TAT	1	His	Tyr
23599	S	translated	7777.0	T	G	AAT	AAG	3	Asn	Lys
23604	S	translated	7779.0	C	A	CCT	CAT	2	Pro	His
23854	S	translated	7862.0	C	A	AAC	AAA	3	Asn	Lys
23948	S	translated	7894.0	G	T	GAT	TAT	1	Asp	Tyr
24130	S	translated	7954.0	C	A	AAC	AAA	3	Asn	Lys
24424	S	translated	8052.0	A	T	CAA	CAT	3	Gln	His
24469	S	translated	8067.0	T	A	AAT	AAA	3	Asn	Lys
24503	S	translated	8079.0	C	T	CTT	TTT	1	Leu	Phe
25000	S	translated	8244.0	C	T	GAC	GAT	3	Asp	Asp
25584	ORF3a	translated	8436.0	C	T	ACC	ACT	3	Thr	Thr
26270	E	translated	8657.0	C	T	ACA	ATA	2	Thr	Ile
26530	M	translated	8727.0	A	G	GAT	GGT	2	Asp	Gly
26577	M	translated	8743.0	C	G	CAA	GAA	1	Gln	Glu
26709	M	translated	8787.0	G	A	GCT	ACT	1	Ala	Thr
27259	ORF6	translated	8967.0	A	C	AGG	CGG	1	Arg	Arg
27807	ORF7b	translated	9149.0	C	T	CTA	TTA	1	Leu	Leu
28271	ORF8-N_space	untranslated		A	T			None		
28311	N	translated	9310.0	C	T	CCC	CTC	2	Pro	Leu
28881	N	translated	9500.0	G	A	AGG	AAG	2	Arg	Lys
28882	N	translated	9500.0	G	A	AGG	AGA	3	Arg	Arg
28883	N	translated	9501.0	G	C	GGA	CGA	1	Gly	Arg
