aa1,aa2,rate
Ala,Ala,1
Ala,Asp,0.0390351
Ala,Glu,0.0390351
Ala,Gly,0.0299377
Ala,Pro,0.0665287
Ala,Ser,1.29659
Ala,Thr,0.406458
Ala,Val,1.63806
Arg,Arg,1.20028
Arg,Cys,0.819028
Arg,Gln,0.203229
Arg,Gly,0.118037
Arg,His,0.203229
Arg,Ile,0.324148
Arg,Leu,1.29659
Arg,Lys,0.203229
Arg,Met,0.324148
Arg,Pro,0.0665287
Arg,Ser,0.401635
Arg,Thr,0.0332644
Arg,Trp,0.423543
Asn,Asn,0.449834
Asn,Asp,0.0880997
Asn,His,0.0155823
Asn,Ile,0.0280582
Asn,Lys,0.041901
Asn,Ser,0.0880997
Asn,Thr,0.0155823
Asn,Tyr,0.0280582
Asp,Ala,0.0155823
Asp,Asn,0.203229
Asp,Asp,0.449834
Asp,Glu,0.041901
Asp,Gly,0.0880997
Asp,His,0.0332644
Asp,Tyr,0.648296
Asp,Val,0.0280582
Cys,Arg,0.0806407
Cys,Cys,0.449834
Cys,Gly,0.0122607
Cys,Phe,0.648296
Cys,Ser,0.0508018
Cys,Trp,0.0136148
Cys,Tyr,0.203229
Gln,Arg,0.0880997
Gln,Gln,0.145664
Gln,Glu,0.0149688
Gln,His,0.3626
Gln,Leu,0.0280582
Gln,Lys,0.0390351
Gln,Pro,0.0155823
Glu,Ala,0.0155823
Glu,Asp,0.3626
Glu,Gln,0.0332644
Glu,Glu,0.145664
Glu,Gly,0.0880997
Glu,Lys,0.203229
Glu,Val,0.0280582
Gly,Ala,0.0665287
Gly,Arg,0.269758
Gly,Asp,0.203229
Gly,Cys,0.648296
Gly,Glu,0.203229
Gly,Gly,1
Gly,Ser,0.203229
Gly,Trp,0.324148
Gly,Val,1.29659
His,Arg,0.0880997
His,Asn,0.0390351
His,Asp,0.0149688
His,Gln,0.041901
His,His,0.449834
His,Leu,0.0280582
His,Pro,0.0155823
His,Tyr,0.819028
Ile,Arg,0.00613036
Ile,Asn,0.0175374
Ile,Ile,0.499941
Ile,Leu,0.0374025
Ile,Lys,0.00876871
Ile,Met,0.0576646
Ile,Phe,0.0280582
Ile,Ser,0.0122607
Ile,Thr,0.120961
Ile,Val,0.13215
Leu,Arg,0.0245214
Leu,Gln,0.0175374
Leu,His,0.0175374
Leu,Ile,0.0673213
Leu,Leu,2.04533
Leu,Met,0.0282863
Leu,Phe,1.18163
Leu,Pro,0.161281
Leu,Ser,0.0806407
Leu,Trp,0.00613036
Leu,Val,0.0421984
Lys,Arg,0.0880997
Lys,Asn,0.3626
Lys,Gln,0.0155823
Lys,Glu,0.0880997
Lys,Ile,0.0140291
Lys,Lys,0.145664
Lys,Met,0.0140291
Lys,Thr,0.0155823
Met,Arg,0.00613036
Met,Ile,0.442394
Met,Leu,0.0218203
Met,Lys,0.00876871
Met,Thr,0.0403203
Met,Val,0.0440498
Phe,Cys,0.0122607
Phe,Ile,0.0175374
Phe,Leu,0.122542
Phe,Phe,0.449834
Phe,Ser,0.0806407
Phe,Tyr,0.0175374
Phe,Val,0.0122607
Pro,Ala,0.0299377
Pro,Arg,0.0299377
Pro,Gln,0.0390351
Pro,His,0.0390351
Pro,Leu,1.63806
Pro,Pro,1
Pro,Ser,1.63806
Pro,Thr,0.0780702
Ser,Ala,0.0245214
Ser,Arg,0.0574833
Ser,Asn,0.203229
Ser,Cys,0.0430271
Ser,Gly,0.0880997
Ser,Ile,0.648296
Ser,Leu,0.819028
Ser,Phe,0.819028
Ser,Pro,0.161281
Ser,Ser,1.44983
Ser,Thr,0.0683392
Ser,Trp,0.00748442
Ser,Tyr,0.0390351
Thr,Ala,0.176199
Thr,Arg,0.0149688
Thr,Asn,0.0390351
Thr,Ile,1.22854
Thr,Lys,0.0390351
Thr,Met,0.409514
Thr,Pro,0.0311645
Thr,Ser,0.0710853
Thr,Thr,1
Trp,Arg,0.049089
Trp,Cys,0.34078
Trp,Gly,0.00613036
Trp,Leu,0.324148
Trp,Ser,0.0166322
Tyr,Asn,0.0175374
Tyr,Asp,0.0122607
Tyr,Cys,0.0880997
Tyr,His,0.0806407
Tyr,Phe,0.0280582
Tyr,Ser,0.0155823
Tyr,Tyr,0.449834
Val,Ala,0.161281
Val,Asp,0.0175374
Val,Glu,0.0175374
Val,Gly,0.0245214
Val,Ile,0.304843
Val,Leu,0.714824
Val,Met,0.101614
Val,Phe,0.648296
Val,Val,1
